n,combinaciones
6,1
7,1
8,1
9,2
10,1
11,2
12,2
13,2
14,1
15,3
16,2
17,4
18,2
19,3
20,2
21,5
22,2
23,5
24,3
25,5
26,3
27,7
28,3
29,7
30,2
31,6
32,3
33,9
34,2
35,8
36,4
37,9
38,4
39,10
40,2
41,11
42,3
43,10
44,4
45,12
46,3
47,13
48,4
49,12
50,5
51,15
52,4
53,16
54,3
55,14
56,5
57,17
58,3
59,16
60,4
61,16
62,6
63,19
64,3
65,21
66,5
67,20
68,6
69,20
70,2
71,22
72,5
73,21
74,6
75,22
76,5
77,28
78,5
79,24
80,7
81,25
82,4
83,29
84,5
85,27
86,8
87,29
88,5
89,33
90,4
91,29
92,9
93,33
94,4
95,35
96,5
97,34
98,7
99,30
100,3
101,38
102,6
103,36
104,8
105,35
106,5
107,43
108,6
109,38
110,8
111,37
112,6
113,47
114,7
115,42
116,10
117,43
118,6
119,50
120,6
121,46
122,12
123,47
124,4
125,53
126,5
127,50
128,10
129,45
130,3
131,57
132,7
133,54
134,9
135,47
136,6
137,62
138,5
139,53
140,8
141,49
142,7
143,65
144,8
145,59
146,11
147,55
148,6
149,68
150,5
151,61
152,12
153,60
154,4
155,69
156,8
157,68
158,11
159,58
160,5
161,77
162,8
163,73
164,10
165,60
166,5
167,78
168,6
169,69
170,13
171,65
172,9
173,89
174,6
175,75
176,11
177,69
178,7
179,86
180,7
181,80
182,14
183,75
184,6
185,92
186,8
187,90
188,13
189,74
190,5
191,95
192,8
193,91
194,11
195,73
196,7
197,102
198,9
199,93
200,13
201,82
202,8
203,107
204,9
205,95
206,14
207,85
208,7
209,110
210,7
211,100
212,19
213,95
214,6
215,116
216,8
217,111
218,13
219,88
220,7
221,122
222,9
223,115
224,11
225,90
226,7
227,125
228,7
229,114
230,12
231,94
232,9
233,130
234,7
235,111
236,15
237,102
238,9
239,132
240,9
241,124
242,18
243,109
244,8
245,134
246,9
247,134
248,16
249,108
250,6
251,142
252,9
253,137
254,16
255,108
256,9
257,154
258,8
259,136
260,14
261,111
262,10
263,154
264,9
265,139
266,16
267,120
268,8
269,157
270,9
271,149
272,19
273,127
274,7
275,158
276,11
277,160
278,16
279,122
280,7
281,171
282,14
283,166
284,16
285,129
286,8
287,176
288,12
289,161
290,17
291,134
292,10
293,186
294,8
295,159
296,19
297,143
298,8
299,187
300,11
301,171
302,21
303,146
304,9
305,190
306,10
307,187
308,15
309,143
310,8
311,198
312,12
313,190
314,17
315,146
316,9
317,210
318,10
319,187
320,15
321,151
322,11
323,210
324,11
325,186
326,20
327,161
328,7
329,207
330,10
331,197
332,24
333,167
334,6
335,213
336,11
337,207
338,19
339,161
340,9
341,234
342,13
343,216
344,17
345,162
346,10
347,237
348,9
349,211
350,16
351,170
352,13
353,244
354,10
355,210
356,20
357,180
358,9
359,240
360,10
361,225
362,22
363,182
364,8
365,238
366,14
367,239
368,18
369,183
370,8
371,254
372,14
373,241
374,18
375,181
376,10
377,267
378,11
379,231
380,22
381,195
382,13
383,278
384,10
385,234
386,19
387,200
388,12
389,269
390,9
391,255
392,27
393,209
394,11
395,271
396,11
397,270
398,21
399,200
400,7
401,287
402,14
403,273
404,17
405,197
406,11
407,294
408,13
409,270
410,20
411,215
412,13
413,300
414,11
415,260
416,21
417,222
418,10
419,297
420,11
421,278
422,30
423,231
424,11
425,304
426,12
427,298
428,21
429,220
430,9
431,318
432,14
433,305
434,19
435,219
436,13
437,336
438,11
439,299
440,21
441,229
442,14
443,336
444,13
445,290
446,21
447,245
448,12
449,330
450,13
451,318
452,27
453,258
454,12
455,321
456,12
457,328
458,24
459,247
460,9
461,352
462,16
463,334
464,28
465,250
466,12
467,369
468,13
469,330
470,24
471,260
472,15
473,373
474,13
475,330
476,23
477,267
478,14
479,377
480,11
481,352
482,29
483,275
484,11
485,362
486,14
487,367
488,23
489,269
490,9
491,388
492,19
493,380
494,22
495,268
496,13
497,394
498,13
499,362
500,23
501,283
502,13
503,408
504,15
505,357
506,27
507,294
508,15
509,412
510,14
511,374
512,32
513,311
514,11
515,400
516,14
517,402
518,23
519,293
520,11
521,430
522,17
523,410
524,24
525,291
526,11
527,440
528,15
529,399
530,25
531,309
532,14
533,442
534,17
535,395
536,22
537,319
538,13
539,434
540,14
541,412
542,30
543,332
544,10
545,434
546,13
547,426
548,30
549,326
550,11
551,467
552,19
553,437
554,23
555,313
556,11
557,476
558,11
559,428
560,23
561,328
562,18
563,484
564,14
565,423
566,24
567,337
568,13
569,483
570,13
571,443
572,31
573,355
574,11
575,463
576,16
577,466
578,26
579,346
580,12
581,489
582,19
583,472
584,25
585,337
586,12
587,505
588,13
589,462
590,29
591,360
592,16
593,522
594,15
595,442
596,27
597,366
598,12
599,515
600,15
601,478
602,32
603,377
604,12
605,505
606,14
607,501
608,27
609,363
610,13
611,537
612,20
613,508
614,26
615,359
616,15
617,547
618,19
619,510
620,26
621,387
622,18
623,547
624,17
625,486
626,31
627,396
628,12
629,557
630,16
631,514
632,41
633,417
634,10
635,550
636,14
637,531
638,28
639,393
640,15
641,583
642,18
643,546
644,25
645,386
646,17
647,597
648,16
649,542
650,27
651,406
652,21
653,604
654,15
655,523
656,29
657,426
658,13
659,597
660,19
661,565
662,41
663,440
664,14
665,574
666,16
667,585
668,31
669,426
670,11
671,616
672,21
673,589
674,33
675,418
676,15
677,646
678,17
679,572
680,28
681,443
682,21
683,650
684,16
685,561
686,30
687,456
688,16
689,651
690,16
691,605
692,39
693,459
694,11
695,624
696,19
697,628
698,30
699,454
700,14
701,667
702,24
703,644
704,31
705,444
706,18
707,674
708,19
709,623
710,24
711,468
712,16
713,693
714,17
715,585
716,37
717,500
718,14
719,694
720,15
721,631
722,39
723,498
724,14
725,669
726,15
727,664
728,31
729,479
730,15
731,713
732,21
733,683
734,31
735,460
736,15
737,727
738,19
739,662
740,29
741,496
742,18
743,740
744,19
745,640
746,31
747,516
748,18
749,718
750,19
751,678
752,39
753,526
754,14
755,706
756,17
757,702
758,35
759,523
760,15
761,759
762,21
763,706
764,30
765,504
766,17
767,768
768,17
769,701
770,31
771,522
772,26
773,798
774,18
775,682
776,32
777,547
778,16
779,777
780,15
781,714
782,44
783,558
784,14
785,745
786,18
787,762
788,30
789,547
790,15
791,778
792,22
793,758
794,34
795,524
796,17
797,810
798,14
799,742
800,38
801,567
802,21
803,832
804,16
805,705
806,32
807,574
808,16
809,821
810,14
811,772
812,39
813,578
814,18
815,789
816,20
817,801
818,34
819,564
820,17
821,845
822,20
823,801
824,29
825,546
826,16
827,848
828,21
829,795
830,34
831,589
832,22
833,855
834,22
835,762
836,33
837,601
838,18
839,863
840,17
841,810
842,51
843,633
844,18
845,840
846,17
847,825
848,32
849,605
850,15
851,889
852,25
853,858
854,31
855,584
856,20
857,910
858,19
859,842
860,39
861,619
862,18
863,918
864,17
865,796
866,33
867,627
868,17
869,911
870,21
871,865
872,46
873,657
874,18
875,856
876,19
877,893
878,36
879,638
880,14
881,933
882,25
883,891
884,39
885,627
886,21
887,968
888,18
889,864
890,37
891,651
892,23
893,971
894,19
895,860
896,34
897,666
898,20
899,974
900,19
901,917
902,48
903,675
904,15
905,924
906,17
907,930
908,34
909,660
910,15
911,989
912,31
913,945
914,31
915,647
916,20
917,988
918,18
919,923
920,35
921,689
922,23
923,1007
924,20
925,890
926,47
927,715
928,18
929,1034
930,18
931,941
932,43
933,716
934,17
935,959
936,20
937,988
938,36
939,700
940,18
941,1047
942,24
943,1002
944,34
945,669
946,18
947,1054
948,20
949,956
950,33
951,717
952,25
953,1060
954,23
955,946
956,37
957,738
958,19
959,1033
960,22
961,998
962,45
963,755
964,16
965,1012
966,18
967,1029
968,45
969,744
970,17
971,1097
972,27
973,1017
974,32
975,701
976,17
977,1105
978,19
979,1009
980,35
981,758
982,26
983,1112
984,17
985,976
986,39
987,756
988,20
989,1109
990,23
991,1036
992,52
993,790
994,13
995,1056
996,25
997,1095
998,37
999,769
1000,17
1001,1095
1002,28
1003,1087
1004,36
1005,734
1006,18
1007,1161
1008,18
1009,1062
1010,42
1011,792
1012,25
1013,1172
1014,23
1015,997
1016,39
1017,808
1018,18
1019,1152
1020,20
1021,1092
1022,51
1023,820
1024,18
1025,1119
1026,22
1027,1134
1028,42
1029,795
1030,18
1031,1195
1032,25
1033,1133
1034,36
1035,756
1036,21
1037,1214
1038,27
1039,1125
1040,40
1041,827
1042,26
1043,1192
1044,22
1045,1058
1046,39
1047,845
1048,19
1049,1219
1050,19
1051,1141
1052,57
1053,862
1054,18
1055,1174
1056,24
1057,1159
1058,44
1059,842
1060,19
1061,1241
1062,27
1063,1200
1064,37
1065,799
1066,24
1067,1271
1068,24
1069,1183
1070,39
1071,844
1072,25
1073,1290
1074,21
1075,1104
1076,40
1077,880
1078,20
1079,1265
1080,27
1081,1207
1082,54
1083,907
1084,20
1085,1194
1086,21
1087,1234
1088,39
1089,867
1090,18
1091,1293
1092,26
1093,1235
1094,48
1095,853
1096,23
1097,1338
1098,18
1099,1206
1100,40
1101,893
1102,28
1103,1330
1104,24
1105,1166
1106,44
1107,926
1108,25
1109,1336
1110,25
1111,1256
1112,54
1113,924
1114,16
1115,1276
1116,23
1117,1289
1118,41
1119,909
1120,22
1121,1364
1122,34
1123,1314
1124,47
1125,898
1126,19
1127,1354
1128,23
1129,1278
1130,39
1131,924
1132,26
1133,1393
1134,22
1135,1217
1136,49
1137,973
1138,23
1139,1400
1140,20
1141,1274
1142,58
1143,969
1144,18
1145,1324
1146,24
1147,1356
1148,38
1149,952
1150,26
1151,1432
1152,27
1153,1360
1154,36
1155,891
1156,19
1157,1426
1158,22
1159,1319
1160,42
1161,974
1162,29
1163,1453
1164,25
1165,1282
1166,43
1167,1006
1168,24
1169,1406
1170,22
1171,1344
1172,58
1173,1003
1174,18
1175,1362
1176,22
1177,1402
1178,49
1179,997
1180,19
1181,1484
1182,26
1183,1377
1184,40
1185,946
1186,20
1187,1487
1188,20
1189,1384
1190,43
1191,1013
1192,33
1193,1513
1194,23
1195,1321
1196,45
1197,1010
1198,24
1199,1481
1200,24
1201,1419
1202,54
1203,1042
1204,19
1205,1422
1206,28
1207,1476
1208,43
1209,1030
1210,20
1211,1490
1212,32
1213,1454
1214,42
1215,985
1216,22
1217,1551
1218,21
1219,1436
1220,49
1221,1052
1222,27
1223,1566
1224,25
1225,1336
1226,45
1227,1076
1228,22
1229,1554
1230,22
1231,1475
1232,55
1233,1079
1234,28
1235,1488
1236,25
1237,1535
1238,42
1239,1042
1240,18
1241,1577
1242,34
1243,1504
1244,44
1245,1020
1246,23
1247,1606
1248,26
1249,1502
1250,45
1251,1095
1252,28
1253,1581
1254,23
1255,1417
1256,51
1257,1117
1258,20
1259,1609
1260,21
1261,1520
1262,68
1263,1132
1264,22
1265,1537
1266,26
1267,1557
1268,42
1269,1102
1270,21
1271,1661
1272,27
1273,1581
1274,40
1275,1051
1276,26
1277,1674
1278,25
1279,1552
1280,42
1281,1104
1282,27
1283,1676
1284,26
1285,1463
1286,46
1287,1137
1288,22
1289,1662
1290,29
1291,1586
1292,60
1293,1180
1294,23
1295,1553
1296,26
1297,1638
1298,49
1299,1146
1300,20
1301,1709
1302,33
1303,1635
1304,53
1305,1114
1306,24
1307,1753
1308,24
1309,1552
1310,46
1311,1172
1312,30
1313,1738
1314,23
1315,1541
1316,46
1317,1185
1318,27
1319,1741
1320,26
1321,1658
1322,66
1323,1189
1324,21
1325,1642
1326,26
1327,1683
1328,53
1329,1183
1330,22
1331,1765
1332,41
1333,1728
1334,47
1335,1143
1336,25
1337,1775
1338,25
1339,1665
1340,45
1341,1213
1342,27
1343,1807
1344,27
1345,1584
1346,54
1347,1248
1348,25
1349,1822
1350,22
1351,1658
1352,60
1353,1241
1354,22
1355,1708
1356,21
1357,1752
1358,41
1359,1220
1360,24
1361,1830
1362,33
1363,1776
1364,44
1365,1138
1366,27
1367,1860
1368,27
1369,1708
1370,48
1371,1262
1372,28
1373,1865
1374,27
1375,1638
1376,47
1377,1282
1378,23
1379,1807
1380,27
1381,1747
1382,61
1383,1283
1384,20
1385,1762
1386,24
1387,1806
1388,59
1389,1292
1390,20
1391,1901
1392,30
1393,1773
1394,44
1395,1197
1396,24
1397,1910
1398,24
1399,1793
1400,45
1401,1275
1402,34
1403,1927
1404,27
1405,1710
1406,48
1407,1279
1408,23
1409,1906
1410,25
1411,1805
1412,58
1413,1327
1414,18
1415,1804
1416,30
1417,1859
1418,47
1419,1305
1420,20
1421,1898
1422,34
1423,1860
1424,41
1425,1235
1426,22
1427,1964
1428,23
1429,1820
1430,57
1431,1338
1432,35
1433,2009
1434,25
1435,1703
1436,50
1437,1348
1438,22
1439,1969
1440,23
1441,1858
1442,60
1443,1357
1444,27
1445,1880
1446,28
1447,1934
1448,45
1449,1303
1450,20
1451,1991
1452,36
1453,1918
1454,49
1455,1277
1456,26
1457,2041
1458,34
1459,1894
1460,48
1461,1373
1462,33
1463,1979
1464,29
1465,1790
1466,47
1467,1403
1468,25
1469,2017
1470,24
1471,1923
1472,73
1473,1439
1474,22
1475,1954
1476,30
1477,1943
1478,51
1479,1377
1480,26
1481,2078
1482,34
1483,1986
1484,52
1485,1318
1486,29
1487,2119
1488,25
1489,1970
1490,52
1491,1390
1492,31
1493,2113
1494,27
1495,1849
1496,50
1497,1442
1498,28
1499,2101
1500,32
1501,2004
1502,67
1503,1480
1504,27
1505,1947
1506,27
1507,2033
1508,51
1509,1433
1510,25
1511,2133
1512,33
1513,2051
1514,59
1515,1387
1516,23
1517,2184
1518,26
1519,1976
1520,56
1521,1448
1522,31
1523,2192
1524,27
1525,1928
1526,48
1527,1486
1528,28
1529,2157
1530,27
1531,2066
1532,69
1533,1478
1534,22
1535,2047
1536,32
1537,2107
1538,47
1539,1459
1540,26
1541,2217
1542,46
1543,2128
1544,46
1545,1422
1546,21
1547,2167
1548,30
1549,2069
1550,51
1551,1489
1552,31
1553,2241
1554,28
1555,1963
1556,62
1557,1568
1558,24
1559,2260
1560,25
1561,2070
1562,72
1563,1542
1564,29
1565,2133
1566,28
1567,2181
1568,51
1569,1519
1570,25
1571,2291
1572,38
1573,2159
1574,57
1575,1426
1576,23
1577,2310
1578,26
1579,2140
1580,47
1581,1544
1582,31
1583,2308
1584,34
1585,2036
1586,58
1587,1577
1588,28
1589,2250
1590,26
1591,2183
1592,71
1593,1597
1594,25
1595,2157
1596,27
1597,2241
1598,64
1599,1573
1600,24
1601,2380
1602,36
1603,2187
1604,53
1605,1488
1606,23
1607,2380
1608,30
1609,2216
1610,47
1611,1576
1612,42
1613,2410
1614,35
1615,2099
1616,53
1617,1571
1618,27
1619,2366
1620,32
1621,2227
1622,65
1623,1642
1624,24
1625,2239
1626,35
1627,2327
1628,55
1629,1626
1630,29
1631,2362
1632,40
1633,2309
1634,60
1635,1542
1636,27
1637,2436
1638,27
1639,2262
1640,67
1641,1667
1642,35
1643,2496
1644,27
1645,2109
1646,52
1647,1658
1648,26
1649,2443
1650,28
1651,2309
1652,76
1653,1694
1654,28
1655,2331
1656,31
1657,2395
1658,55
1659,1621
1660,27
1661,2481
1662,39
1663,2374
1664,54
1665,1572
1666,28
1667,2510
1668,34
1669,2369
1670,53
1671,1703
1672,37
1673,2480
1674,35
1675,2224
1676,56
1677,1724
1678,28
1679,2529
1680,31
1681,2381
1682,83
1683,1750
1684,24
1685,2421
1686,31
1687,2373
1688,56
1689,1714
1690,26
1691,2562
1692,37
1693,2457
1694,57
1695,1627
1696,32
1697,2619
1698,28
1699,2438
1700,52
1701,1708
1702,34
1703,2593
1704,30
1705,2263
1706,55
1707,1759
1708,30
1709,2590
1710,32
1711,2486
1712,78
1713,1811
1714,26
1715,2391
1716,27
1717,2505
1718,68
1719,1768
1720,21
1721,2637
1722,38
1723,2521
1724,64
1725,1678
1726,29
1727,2676
1728,31
1729,2434
1730,53
1731,1777
1732,36
1733,2687
1734,25
1735,2360
1736,55
1737,1804
1738,35
1739,2687
1740,33
1741,2532
1742,76
1743,1793
1744,25
1745,2534
1746,33
1747,2587
1748,55
1749,1782
1750,25
1751,2710
1752,48
1753,2618
1754,52
1755,1705
1756,27
1757,2674
1758,30
1759,2551
1760,55
1761,1830
1762,41
1763,2778
1764,29
1765,2410
1766,69
1767,1893
1768,32
1769,2757
1770,31
1771,2506
1772,73
1773,1881
1774,28
1775,2588
1776,27
1777,2656
1778,53
1779,1846
1780,33
1781,2793
1782,37
1783,2680
1784,59
1785,1723
1786,25
1787,2806
1788,30
1789,2624
1790,52
1791,1875
1792,36
1793,2788
1794,36
1795,2500
1796,66
1797,1923
1798,31
1799,2737
1800,27
1801,2641
1802,75
1803,1933
1804,31
1805,2645
1806,31
1807,2710
1808,72
1809,1941
1810,28
1811,2874
1812,36
1813,2681
1814,53
1815,1778
1816,28
1817,2882
1818,27
1819,2682
1820,53
1821,1909
1822,46
1823,2923
1824,27
1825,2564
1826,58
1827,1902
1828,33
1829,2881
1830,29
1831,2714
1832,76
1833,1982
1834,25
1835,2699
1836,34
1837,2789
1838,62
1839,1958
1840,28
1841,2847
1842,37
1843,2800
1844,54
1845,1831
1846,32
1847,2942
1848,28
1849,2759
1850,70
1851,1993
1852,38
1853,2984
1854,28
1855,2551
1856,54
1857,1987
1858,32
1859,2900
1860,29
1861,2807
1862,76
1863,2023
1864,34
1865,2802
1866,32
1867,2905
1868,53
1869,1939
1870,28
1871,2958
1872,43
1873,2878
1874,58
1875,1894
1876,30
1877,3017
1878,36
1879,2835
1880,61
1881,2020
1882,38
1883,2962
1884,33
1885,2654
1886,61
1887,2065
1888,30
1889,3011
1890,28
1891,2867
1892,91
1893,2091
1894,35
1895,2875
1896,32
1897,2881
1898,63
1899,2048
1900,33
1901,3068
1902,36
1903,2958
1904,55
1905,1940
1906,36
1907,3115
1908,30
1909,2941
1910,58
1911,2008
1912,36
1913,3094
1914,30
1915,2739
1916,66
1917,2116
1918,28
1919,3085
1920,35
1921,2963
1922,81
1923,2142
1924,30
1925,2807
1926,34
1927,3016
1928,58
1929,2093
1930,30
1931,3131
1932,39
1933,3030
1934,68
1935,2008
1936,28
1937,3180
1938,33
1939,2920
1940,65
1941,2124
1942,41
1943,3209
1944,30
1945,2836
1946,58
1947,2127
1948,34
1949,3183
1950,31
1951,3033
1952,83
1953,2121
1954,29
1955,2979
1956,35
1957,3090
1958,53
1959,2132
1960,27
1961,3211
1962,48
1963,3096
1964,56
1965,2055
1966,26
1967,3159
1968,29
1969,3024
1970,62
1971,2166
1972,38
1973,3249
1974,32
1975,2866
1976,71
1977,2210
1978,33
1979,3255
1980,32
1981,3017
1982,82
1983,2225
1984,30
1985,3068
1986,32
1987,3171
1988,58
1989,2164
1990,30
1991,3286
1992,42
1993,3182
1994,59
1995,2029
1996,27
1997,3310
1998,28
1999,3105
2000,56
2001,2217
2002,37
2003,3308
2004,44
2005,2951
2006,59
2007,2256
2008,35
2009,3212
2010,28
2011,3134
2012,84
2013,2253
2014,27
2015,3082
2016,35
2017,3220
2018,73
2019,2258
2020,28
2021,3392
2022,41
2023,3162
2024,59
2025,2102
2026,32
2027,3389
2028,32
2029,3202
2030,62
2031,2245
2032,49
2033,3427
2034,29
2035,2999
2036,64
2037,2249
2038,33
2039,3353
2040,33
2041,3214
2042,85
2043,2331
2044,30
2045,3172
2046,38
2047,3328
2048,75
2049,2312
2050,25
2051,3370
2052,42
2053,3309
2054,65
2055,2163
2056,34
2057,3451
2058,32
2059,3282
2060,75
2061,2331
2062,45
2063,3511
2064,33
2065,3000
2066,58
2067,2323
2068,34
2069,3469
2070,35
2071,3324
2072,82
2073,2389
2074,36
2075,3309
2076,33
2077,3417
2078,58
2079,2267
2080,27
2081,3501
2082,48
2083,3367
2084,59
2085,2222
2086,30
2087,3545
2088,39
2089,3381
2090,62
2091,2364
2092,46
2093,3471
2094,34
2095,3142
2096,62
2097,2403
2098,32
2099,3523
2100,32
2101,3351
2102,97
2103,2468
2104,31
2105,3349
2106,35
2107,3384
2108,71
2109,2395
2110,32
2111,3594
2112,41
2113,3492
2114,67
2115,2260
2116,34
2117,3660
2118,37
2119,3466
2120,63
2121,2370
2122,37
2123,3606
2124,33
2125,3221
2126,67
2127,2457
2128,31
2129,3605
2130,42
2131,3473
2132,82
2133,2512
2134,33
2135,3325
2136,35
2137,3525
2138,66
2139,2458
2140,29
2141,3685
2142,47
2143,3536
2144,81
2145,2314
2146,32
2147,3744
2148,36
2149,3430
2150,63
2151,2466
2152,43
2153,3749
2154,32
2155,3307
2156,64
2157,2490
2158,43
2159,3739
2160,37
2161,3550
2162,79
2163,2474
2164,34
2165,3489
2166,38
2167,3581
2168,67
2169,2526
2170,31
2171,3736
2172,52
2173,3658
2174,65
2175,2384
2176,31
2177,3692
2178,35
2179,3587
2180,68
2181,2527
2182,41
2183,3806
2184,34
2185,3352
2186,85
2187,2594
2188,34
2189,3796
2190,31
2191,3525
2192,82
2193,2589
2194,33
2195,3576
2196,34
2197,3679
2198,62
2199,2550
2200,34
2201,3843
2202,46
2203,3739
2204,60
2205,2361
2206,32
2207,3867
2208,35
2209,3658
2210,60
2211,2574
2212,47
2213,3873
2214,38
2215,3450
2216,68
2217,2647
2218,34
2219,3741
2220,29
2221,3663
2222,90
2223,2643
2224,35
2225,3657
2226,33
2227,3754
2228,78
2229,2640
2230,28
2231,3927
2232,41
2233,3663
2234,67
2235,2455
2236,32
2237,3944
2238,36
2239,3736
2240,58
2241,2612
2242,51
2243,3976
2244,35
2245,3545
2246,77
2247,2617
2248,33
2249,3914
2250,33
2251,3768
2252,86
2253,2712
2254,26
2255,3677
2256,44
2257,3881
2258,70
2259,2669
2260,32
2261,3866
2262,44
2263,3863
2264,75
2265,2519
2266,31
2267,4010
2268,38
2269,3799
2270,75
2271,2698
2272,41
2273,4095
2274,33
2275,3467
2276,61
2277,2692
2278,32
2279,4026
2280,36
2281,3851
2282,92
2283,2744
2284,38
2285,3826
2286,33
2287,3949
2288,68
2289,2633
2290,37
2291,4073
2292,47
2293,3951
2294,68
2295,2557
2296,32
2297,4101
2298,40
2299,3879
2300,63
2301,2732
2302,49
2303,4042
2304,32
2305,3639
2306,68
2307,2782
2308,34
2309,4086
2310,34
2311,3907
2312,114
2313,2841
2314,35
2315,3902
2316,40
2317,3932
2318,66
2319,2760
2320,38
2321,4137
2322,48
2323,4081
2324,67
2325,2598
2326,38
2327,4201
2328,35
2329,4007
2330,64
2331,2723
2332,43
2333,4208
2334,35
2335,3733
2336,68
2337,2849
2338,35
2339,4174
2340,38
2341,4026
2342,94
2343,2869
2344,34
2345,3817
2346,36
2347,4088
2348,76
2349,2822
2350,31
2351,4248
2352,45
2353,4085
2354,83
2355,2670
2356,41
2357,4323
2358,37
2359,3977
2360,62
2361,2846
2362,45
2363,4313
2364,33
2365,3790
2366,66
2367,2878
2368,44
2369,4290
2370,37
2371,4117
2372,92
2373,2865
2374,33
2375,3982
2376,38
2377,4166
2378,76
2379,2870
2380,32
2381,4312
2382,60
2383,4237
2384,67
2385,2743
2386,35
2387,4217
2388,38
2389,4131
2390,67
2391,2894
2392,44
2393,4412
2394,41
2395,3870
2396,84
2397,2982
2398,37
2399,4394
2400,37
2401,4047
2402,90
2403,2980
2404,37
2405,4079
2406,36
2407,4280
2408,72
2409,2905
2410,39
2411,4428
2412,50
2413,4317
2414,69
2415,2718
2416,37
2417,4441
2418,35
2419,4235
2420,78
2421,2971
2422,48
2423,4459
2424,41
2425,4002
2426,72
2427,3032
2428,32
2429,4307
2430,35
2431,4170
2432,94
2433,3044
2434,36
2435,4179
2436,38
2437,4341
2438,86
2439,3033
2440,31
2441,4497
2442,50
2443,4255
2444,75
2445,2825
2446,37
2447,4542
2448,40
2449,4347
2450,73
2451,3001
2452,56
2453,4563
2454,36
2455,4102
2456,71
2457,2968
2458,30
2459,4528
2460,39
2461,4322
2462,93
2463,3103
2464,35
2465,4225
2466,52
2467,4440
2468,69
2469,3075
2470,32
2471,4451
2472,57
2473,4435
2474,71
2475,2866
2476,39
2477,4661
2478,37
2479,4380
2480,87
2481,3114
2482,46
2483,4673
2484,39
2485,4034
2486,76
2487,3114
2488,38
2489,4646
2490,40
2491,4461
2492,94
2493,3183
2494,42
2495,4365
2496,41
2497,4503
2498,75
2499,3048
2500,33
2501,4681
2502,47
2503,4528
2504,68
2505,2938
2506,32
2507,4704
2508,46
2509,4473
2510,74
2511,3165
2512,45
2513,4630
2514,34
2515,4196
2516,72
2517,3205
2518,38
2519,4666
2520,37
2521,4516
2522,112
2523,3242
2524,35
2525,4461
2526,41
2527,4469
2528,68
2529,3168
2530,34
2531,4763
2532,55
2533,4630
2534,70
2535,2967
2536,41
2537,4866
2538,36
2539,4575
2540,70
2541,3103
2542,43
2543,4818
2544,38
2545,4278
2546,77
2547,3273
2548,36
2549,4779
2550,48
2551,4624
2552,99
2553,3299
2554,43
2555,4385
2556,41
2557,4665
2558,71
2559,3250
2560,31
2561,4824
2562,48
2563,4664
2564,82
2565,3061
2566,34
2567,4924
2568,37
2569,4538
2570,64
2571,3245
2572,44
2573,4914
2574,39
2575,4348
2576,86
2577,3293
2578,43
2579,4897
2580,36
2581,4696
2582,95
2583,3261
2584,36
2585,4548
2586,43
2587,4741
2588,73
2589,3289
2590,33
2591,4929
2592,60
2593,4815
2594,68
2595,3121
2596,35
2597,4847
2598,45
2599,4705
2600,71
2601,3304
2602,49
2603,5041
2604,36
2605,4401
2606,91
2607,3365
2608,35
2609,4975
2610,36
2611,4628
2612,98
2613,3390
2614,39
2615,4696
2616,37
2617,4854
2618,72
2619,3316
2620,45
2621,5050
2622,48
2623,4903
2624,77
2625,3107
2626,38
2627,5059
2628,35
2629,4777
2630,69
2631,3390
2632,46
2633,5080
2634,45
2635,4506
2636,76
2637,3437
2638,34
2639,4845
2640,34
2641,4828
2642,107
2643,3455
2644,29
2645,4757
2646,40
2647,4941
2648,81
2649,3397
2650,31
2651,5090
2652,54
2653,4846
2654,80
2655,3201
2656,35
2657,5158
2658,41
2659,4909
2660,70
2661,3399
2662,58
2663,5223
2664,44
2665,4588
2666,72
2667,3383
2668,37
2669,5119
2670,42
2671,4905
2672,97
2673,3499
2674,28
2675,4805
2676,48
2677,5019
2678,77
2679,3473
2680,36
2681,5062
2682,46
2683,5044
2684,74
2685,3238
2686,42
2687,5265
2688,41
2689,4966
2690,88
2691,3487
2692,48
2693,5321
2694,38
2695,4465
2696,75
2697,3532
2698,38
2699,5217
2700,42
2701,5035
2702,100
2703,3573
2704,44
2705,4927
2706,43
2707,5106
2708,87
2709,3422
2710,37
2711,5311
2712,52
2713,5134
2714,73
2715,3315
2716,39
2717,5254
2718,52
2719,5112
2720,78
2721,3572
2722,51
2723,5242
2724,42
2725,4753
2726,79
2727,3602
2728,39
2729,5307
2730,47
2731,5081
2732,128
2733,3672
2734,35
2735,5066
2736,42
2737,5034
2738,82
2739,3548
2740,37
2741,5420
2742,51
2743,5232
2744,79
2745,3386
2746,50
2747,5481
2748,42
2749,5209
2750,75
2751,3511
2752,56
2753,5476
2754,38
2755,4847
2756,86
2757,3697
2758,43
2759,5404
2760,46
2761,5193
2762,109
2763,3743
2764,38
2765,4971
2766,37
2767,5304
2768,72
2769,3621
2770,36
2771,5492
2772,55
2773,5303
2774,101
2775,3474
2776,40
2777,5589
2778,39
2779,5139
2780,68
2781,3668
2782,55
2783,5527
2784,43
2785,4960
2786,81
2787,3724
2788,44
2789,5546
2790,44
2791,5315
2792,104
2793,3658
2794,37
2795,5142
2796,45
2797,5395
2798,78
2799,3715
2800,39
2801,5602
2802,64
2803,5463
2804,72
2805,3475
2806,34
2807,5474
2808,44
2809,5317
2810,90
2811,3756
2812,51
2813,5692
2814,45
2815,5023
2816,97
2817,3810
2818,40
2819,5628
2820,39
2821,5204
2822,104
2823,3846
2824,43
2825,5289
2826,41
2827,5475
2828,76
2829,3774
2830,41
2831,5695
2832,52
2833,5547
2834,78
2835,3471
2836,40
2837,5695
2838,42
2839,5400
2840,89
2841,3831
2842,49
2843,5741
2844,49
2845,5104
2846,78
2847,3848
2848,41
2849,5514
2850,40
2851,5470
2852,110
2853,3889
2854,40
2855,5392
2856,42
2857,5585
2858,100
2859,3871
2860,38
2861,5794
2862,68
2863,5483
2864,78
2865,3608
2866,42
2867,5881
2868,41
2869,5546
2870,71
2871,3793
2872,64
2873,5857
2874,41
2875,5203
2876,76
2877,3807
2878,42
2879,5805
2880,40
2881,5581
2882,107
2883,3968
2884,37
2885,5425
2886,50
2887,5681
2888,90
2889,3947
2890,40
2891,5720
2892,60
2893,5676
2894,74
2895,3677
2896,45
2897,5954
2898,42
2899,5580
2900,94
2901,3976
2902,51
2903,5977
2904,47
2905,5113
2906,91
2907,4005
2908,41
2909,5923
2910,44
2911,5694
2912,99
2913,4036
2914,48
2915,5512
2916,44
2917,5819
2918,83
2919,3884
2920,39
2921,5972
2922,57
2923,5799
2924,80
2925,3746
2926,41
2927,6029
2928,60
2929,5718
2930,80
2931,4039
2932,52
2933,5910
2934,42
2935,5344
2936,82
2937,4057
2938,31
2939,6002
2940,45
2941,5719
2942,122
2943,4114
2944,37
2945,5671
2946,41
2947,5709
2948,87
2949,4048
2950,41
2951,6035
2952,59
2953,5929
2954,75
2955,3791
2956,44
2957,6120
2958,42
2959,5795
2960,82
2961,3984
2962,52
2963,6144
2964,38
2965,5434
2966,98
2967,4135
2968,35
2969,6093
2970,52
2971,5870
2972,116
2973,4207
2974,36
2975,5546
2976,49
2977,5923
2978,86
2979,4096
2980,34
2981,6135
2982,59
2983,5988
2984,95
2985,3875
2986,41
2987,6314
2988,44
2989,5733
2990,79
2991,4123
2992,58
2993,6284
2994,49
2995,5540
2996,84
2997,4175
2998,45
2999,6239
3000,46
3001,5973
3002,104
3003,4057
3004,40
3005,5842
3006,41
3007,6033
3008,78
3009,4151
3010,36
3011,6265
3012,69
3013,6096
3014,76
3015,3924
3016,44
3017,6147
3018,50
3019,5974
3020,85
3021,4199
3022,49
3023,6363
3024,42
3025,5527
3026,99
3027,4280
3028,43
3029,6296
3030,41
3031,5888
3032,110
3033,4294
3034,36
3035,5911
3036,48
3037,6172
3038,92
3039,4225
3040,43
3041,6376
3042,62
3043,6211
3044,93
3045,3887
3046,43
3047,6364
3048,44
3049,6077
3050,83
3051,4285
3052,50
3053,6490
3054,53
3055,5699
3056,78
3057,4342
3058,39
3059,6181
3060,47
3061,6128
3062,113
3063,4364
3064,38
3065,6044
3066,44
3067,6194
3068,102
3069,4280
3070,41
3071,6514
3072,58
3073,6094
3074,79
3075,4033
3076,41
3077,6555
3078,44
3079,6189
3080,83
3081,4285
3082,68
3083,6607
3084,47
3085,5815
3086,83
3087,4296
3088,37
3089,6487
3090,41
3091,6174
3092,109
3093,4438
3094,35
3095,6094
3096,59
3097,6340
3098,84
3099,4376
3100,48
3101,6409
3102,61
3103,6336
3104,92
3105,4116
3106,42
3107,6613
3108,46
3109,6260
3110,100
3111,4406
3112,48
3113,6648
3114,46
3115,5733
3116,82
3117,4446
3118,45
3119,6630
3120,41
3121,6356
3122,117
3123,4507
3124,44
3125,6214
3126,46
3127,6457
3128,85
3129,4307
3130,47
3131,6680
3132,57
3133,6400
3134,83
3135,4125
3136,37
3137,6716
3138,49
3139,6404
3140,80
3141,4475
3142,47
3143,6591
3144,44
3145,5953
3146,75
3147,4507
3148,46
3149,6689
3150,44
3151,6366
3152,138
3153,4596
3154,39
3155,6313
3156,45
3157,6306
3158,85
3159,4457
3160,42
3161,6766
3162,56
3163,6562
3164,85
3165,4227
3166,45
3167,6847
3168,44
3169,6505
3170,93
3171,4410
3172,52
3173,6871
3174,47
3175,6071
3176,83
3177,4580
3178,42
3179,6720
3180,52
3181,6522
3182,112
3183,4627
3184,40
3185,6147
3186,42
3187,6605
3188,87
3189,4547
3190,40
3191,6890
3192,66
3193,6625
3194,98
3195,4285
3196,43
3197,7009
3198,51
3199,6374
3200,90
3201,4553
3202,54
3203,6987
3204,40
3205,6146
3206,83
3207,4649
3208,45
3209,6946
3210,48
3211,6581
3212,110
3213,4534
3214,44
3215,6483
3216,42
3217,6698
3218,87
3219,4613
3220,37
3221,6940
3222,73
3223,6679
3224,80
3225,4367
3226,46
3227,6825
3228,43
3229,6659
3230,86
3231,4671
3232,58
3233,7083
3234,48
3235,6196
3236,112
3237,4727
3238,40
3239,7055
3240,46
3241,6503
3242,112
3243,4739
3244,38
3245,6498
3246,39
3247,6801
3248,82
3249,4637
3250,47
3251,7060
3252,59
3253,6855
3254,87
3255,4306
3256,44
3257,7120
3258,51
3259,6765
3260,76
3261,4707
3262,55
3263,7111
3264,52
3265,6311
3266,89
3267,4751
3268,44
3269,6890
3270,46
3271,6789
3272,110
3273,4786
3274,38
3275,6678
3276,47
3277,6875
3278,112
3279,4768
3280,44
3281,7177
3282,59
3283,6723
3284,86
3285,4449
3286,43
3287,7211
3288,47
3289,6744
3290,78
3291,4776
3292,67
3293,7282
3294,45
3295,6448
3296,90
3297,4724
3298,39
3299,7189
3300,45
3301,6855
3302,120
3303,4875
3304,41
3305,6749
3306,56
3307,7009
3308,93
3309,4839
3310,44
3311,6989
3312,56
3313,7034
3314,92
3315,4473
3316,44
3317,7359
3318,48
3319,6895
3320,107
3321,4882
3322,57
3323,7411
3324,49
3325,6310
3326,84
3327,4922
3328,48
3329,7322
3330,46
3331,6990
3332,116
3333,4901
3334,54
3335,6872
3336,44
3337,7136
3338,89
3339,4760
3340,42
3341,7297
3342,57
3343,7156
3344,84
3345,4581
3346,47
3347,7453
3348,52
3349,7079
3350,89
3351,4946
3352,57
3353,7241
3354,45
3355,6536
3356,94
3357,4994
3358,41
3359,7394
3360,55
3361,7098
3362,138
3363,5034
3364,43
3365,6974
3366,47
3367,6964
3368,105
3369,4975
3370,42
3371,7449
3372,62
3373,7274
3374,86
3375,4645
3376,52
3377,7528
3378,44
3379,7195
3380,89
3381,4849
3382,60
3383,7561
3384,45
3385,6686
3386,87
3387,5058
3388,40
3389,7477
3390,58
3391,7204
3392,115
3393,5078
3394,45
3395,6850
3396,48
3397,7254
3398,90
3399,4960
3400,45
3401,7577
3402,62
3403,7297
3404,105
3405,4740
3406,49
3407,7706
3408,52
3409,7053
3410,85
3411,5055
3412,67
3413,7705
3414,43
3415,6797
3416,87
3417,5112
3418,50
3419,7597
3420,50
3421,7244
3422,119
3423,5009
3424,43
3425,7134
3426,40
3427,7413
3428,84
3429,5095
3430,43
3431,7658
3432,74
3433,7457
3434,101
3435,4809
3436,46
3437,7519
3438,50
3439,7322
3440,89
3441,5121
3442,59
3443,7714
3444,48
3445,6831
3446,102
3447,5201
3448,42
3449,7735
3450,46
3451,7155
3452,120
3453,5220
3454,43
3455,7201
3456,47
3457,7514
3458,89
3459,5156
3460,57
3461,7805
3462,64
3463,7611
3464,87
3465,4718
3466,46
3467,7829
3468,42
3469,7427
3470,97
3471,5218
3472,56
3473,7880
3474,57
3475,6971
3476,91
3477,5261
3478,47
3479,7614
3480,46
3481,7481
3482,123
3483,5294
3484,45
3485,7299
3486,47
3487,7511
3488,105
3489,5271
3490,43
3491,7878
3492,59
3493,7435
3494,84
3495,4902
3496,48
3497,7921
3498,54
3499,7564
3500,103
3501,5273
3502,64
3503,8014
3504,54
3505,7131
3506,88
3507,5190
3508,40
3509,7838
3510,46
3511,7582
3512,123
3513,5359
3514,40
3515,7411
3516,51
3517,7724
3518,87
3519,5283
3520,44
3521,7736
3522,71
3523,7669
3524,92
3525,4979
3526,47
3527,8052
3528,50
3529,7600
3530,103
3531,5329
3532,58
3533,8122
3534,44
3535,6925
3536,96
3537,5411
3538,52
3539,8050
3540,49
3541,7736
3542,123
3543,5428
3544,62
3545,7563
3546,46
3547,7870
3548,94
3549,5227
3550,41
3551,8077
3552,60
3553,7698
3554,93
3555,5047
3556,43
3557,8153
3558,51
3559,7766
3560,91
3561,5419
3562,62
3563,7954
3564,59
3565,7259
3566,104
3567,5482
3568,47
3569,8158
3570,50
3571,7789
3572,154
3573,5508
3574,48
3575,7525
3576,50
3577,7752
3578,96
3579,5411
3580,47
3581,8250
3582,62
3583,7978
3584,80
3585,5115
3586,55
3587,8282
3588,54
3589,7908
3590,108
3591,5355
3592,60
3593,8299
3594,45
3595,7355
3596,88
3597,5500
3598,47
3599,8252
3600,58
3601,7857
3602,125
3603,5620
3604,48
3605,7519
3606,49
3607,8039
3608,90
3609,5510
3610,50
3611,8321
3612,66
3613,8014
3614,112
3615,5216
3616,52
3617,8420
3618,48
3619,7677
3620,95
3621,5571
3622,59
3623,8395
3624,48
3625,7445
3626,94
3627,5578
3628,58
3629,8410
3630,47
3631,8024
3632,136
3633,5545
3634,40
3635,7837
3636,50
3637,8155
3638,95
3639,5586
3640,45
3641,8352
3642,83
3643,8192
3644,92
3645,5267
3646,49
3647,8275
3648,52
3649,8068
3650,103
3651,5640
3652,58
3653,8475
3654,47
3655,7499
3656,115
3657,5696
3658,49
3659,8511
3660,47
3661,7918
3662,125
3663,5660
3664,46
3665,7934
3666,46
3667,8255
3668,102
3669,5664
3670,56
3671,8584
3672,58
3673,8349
3674,95
3675,5219
3676,54
3677,8604
3678,50
3679,8128
3680,97
3681,5704
3682,64
3683,8612
3684,60
3685,7612
3686,98
3687,5781
3688,50
3689,8302
3690,46
3691,8246
3692,124
3693,5766
3694,50
3695,8041
3696,47
3697,8332
3698,125
3699,5803
3700,42
3701,8671
3702,66
3703,8161
3704,97
3705,5316
3706,48
3707,8670
3708,56
3709,8324
3710,100
3711,5733
3712,78
3713,8792
3714,49
3715,7849
3716,93
3717,5696
3718,43
3719,8700
3720,56
3721,8315
3722,128
3723,5858
3724,50
3725,8181
3726,62
3727,8515
3728,98
3729,5780
3730,48
3731,8434
3732,61
3733,8475
3734,101
3735,5444
3736,48
3737,8885
3738,46
3739,8387
3740,116
3741,5859
3742,77
3743,8914
3744,44
3745,7647
3746,107
3747,5932
3748,46
3749,8781
3750,47
3751,8451
3752,123
3753,5980
3754,56
3755,8257
3756,42
3757,8550
3758,97
3759,5734
3760,49
3761,8845
3762,67
3763,8592
3764,112
3765,5543
3766,50
3767,8972
3768,58
3769,8580
3770,91
3771,5922
3772,73
3773,8637
3774,54
3775,8032
3776,103
3777,5992
3778,49
3779,8920
3780,48
3781,8566
3782,149
3783,5998
3784,51
3785,8418
3786,52
3787,8430
3788,96
3789,5973
3790,50
3791,8980
3792,63
3793,8771
3794,88
3795,5517
3796,55
3797,9037
3798,50
3799,8681
3800,100
3801,5821
3802,70
3803,9120
3804,46
3805,8096
3806,92
3807,6067
3808,55
3809,8965
3810,64
3811,8723
3812,130
3813,6143
3814,48
3815,8201
3816,49
3817,8714
3818,95
3819,6019
3820,44
3821,9058
3822,68
3823,8804
3824,124
3825,5660
3826,48
3827,9192
3828,52
3829,8512
3830,109
3831,6088
3832,67
3833,9215
3834,46
3835,8156
3836,100
3837,6151
3838,58
3839,9103
3840,57
3841,8889
3842,128
3843,5987
3844,49
3845,8548
3846,50
3847,8933
3848,98
3849,6111
3850,51
3851,9182
3852,87
3853,8993
3854,93
3855,5754
3856,52
3857,9031
3858,50
3859,8833
3860,98
3861,6079
3862,59
3863,9259
3864,47
3865,8190
3866,122
3867,6254
3868,51
3869,9315
3870,50
3871,8708
3872,133
3873,6260
3874,52
3875,8637
3876,53
3877,9061
3878,110
3879,6208
3880,54
3881,9344
3882,65
3883,9027
3884,97
3885,5657
3886,53
3887,9311
3888,53
3889,8978
3890,92
3891,6223
3892,65
3893,9380
3894,62
3895,8387
3896,109
3897,6318
3898,53
3899,9130
3900,50
3901,9035
3902,140
3903,6317
3904,43
3905,8707
3906,52
3907,9156
3908,117
3909,6278
3910,48
3911,9459
3912,75
3913,8902
3914,98
3915,5869
3916,53
3917,9547
3918,55
3919,9107
3920,93
3921,6304
3922,82
3923,9596
3924,48
3925,8564
3926,98
3927,6156
3928,53
3929,9480
3930,55
3931,9089
3932,136
3933,6399
3934,48
3935,8870
3936,57
3937,9327
3938,103
3939,6348
3940,54
3941,9252
3942,68
3943,9279
3944,99
3945,5924
3946,52
3947,9644
3948,52
3949,9046
3950,121
3951,6464
3952,66
3953,9651
3954,61
3955,8386
3956,100
3957,6474
3958,51
3959,9634
3960,53
3961,9243
3962,145
3963,6505
3964,55
3965,8958
3966,52
3967,9432
3968,107
3969,6225
3970,52
3971,9579
3972,72
3973,9448
3974,95
3975,5998
3976,52
3977,9763
3978,63
3979,9341
3980,111
3981,6515
3982,62
3983,9478
3984,53
3985,8729
3986,94
3987,6503
3988,54
3989,9762
3990,49
3991,9250
3992,163
3993,6565
3994,49
3995,9107
3996,52
3997,9220
3998,99
3999,6491
4000,47
4001,9757
4002,65
4003,9562
4004,106
4005,6097
4006,72
4007,9909
4008,52
4009,9502
4010,104
4011,6385
4012,65
4013,9913
4014,54
4015,8714
4016,108
4017,6611
4018,55
4019,9848
4020,66
4021,9512
4022,133
4023,6682
4024,43
4025,8915
4026,55
4027,9603
4028,114
4029,6563
4030,44
4031,9905
4032,80
4033,9657
4034,118
4035,6205
4036,54
4037,9990
4038,48
4039,9309
4040,99
4041,6613
4042,70
4043,9979
4044,51
4045,8952
4046,100
4047,6662
4048,63
4049,10015
4050,59
4051,9631
4052,125
4053,6527
4054,44
4055,9285
4056,55
4057,9745
4058,109
4059,6603
4060,44
4061,9975
4062,81
4063,9737
4064,97
4065,6262
4066,51
4067,9822
4068,54
4069,9591
4070,98
4071,6667
4072,74
4073,10114
4074,51
4075,9020
4076,122
4077,6850
4078,49
4079,10076
4080,51
4081,9328
4082,142
4083,6816
4084,57
4085,9342
4086,50
4087,9885
4088,108
4089,6728
4090,58
4091,10153
4092,65
4093,9888
4094,113
4095,6123
4096,51
4097,10195
4098,53
4099,9748
4100,102
4101,6758
4102,66
4103,10147
4104,61
4105,9162
4106,104
4107,6832
4108,53
4109,9896
4110,55
4111,9812
4112,139
4113,6862
4114,47
4115,9536
4116,61
4117,9931
4118,122
4119,6824
4120,55
4121,10226
4122,71
4123,9670
4124,96
4125,6295
4126,53
4127,10370
4128,50
4129,9869
4130,107
4131,6793
4132,82
4133,10407
4134,54
4135,9276
4136,113
4137,6740
4138,55
4139,10323
4140,56
4141,9945
4142,147
4143,7005
4144,52
4145,9633
4146,64
4147,9978
4148,100
4149,6918
4150,52
4151,10043
4152,70
4153,10091
4154,107
4155,6458
4156,54
4157,10466
4158,53
4159,9971
4160,138
4161,6974
4162,69
4163,10488
4164,57
4165,9096
4166,104
4167,7034
4168,55
4169,10349
4170,56
4171,10128
4172,137
4173,6964
4174,62
4175,9749
4176,47
4177,10217
4178,108
4179,6799
4180,52
4181,10512
4182,81
4183,10234
4184,106
4185,6524
4186,50
4187,10598
4188,72
4189,10170
4190,104
4191,6977
4192,64
4193,10328
4194,54
4195,9451
4196,102
4197,7102
4198,49
4199,10445
4200,53
4201,10151
4202,165
4203,7148
4204,54
4205,9896
4206,50
4207,10056
4208,105
4209,7042
4210,45
4211,10602
4212,66
4213,10253
4214,107
4215,6578
4216,62
4217,10724
4218,54
4219,10301
4220,116
4221,6910
4222,68
4223,10743
4224,56
4225,9478
4226,112
4227,7170
4228,53
4229,10663
4230,63
4231,10342
4232,137
4233,7177
4234,51
4235,9562
4236,55
4237,10422
4238,105
4239,7074
4240,57
4241,10739
4242,72
4243,10440
4244,122
4245,6702
4246,52
4247,10869
4248,59
4249,10067
4250,106
4251,7101
4252,75
4253,10864
4254,52
4255,9643
4256,105
4257,7147
4258,64
4259,10843
4260,53
4261,10433
4262,139
4263,7043
4264,51
4265,10090
4266,63
4267,10530
4268,105
4269,7221
4270,55
4271,10834
4272,85
4273,10585
4274,115
4275,6766
4276,55
4277,10578
4278,61
4279,10447
4280,115
4281,7262
4282,71
4283,10943
4284,59
4285,9828
4286,131
4287,7365
4288,56
4289,10937
4290,56
4291,10207
4292,165
4293,7382
4294,56
4295,10248
4296,48
4297,10714
4298,108
4299,7283
4300,62
4301,10872
4302,80
4303,10733
4304,102
4305,6643
4306,56
4307,11075
4308,58
4309,10602
4310,100
4311,7332
4312,68
4313,11047
4314,70
4315,9913
4316,106
4317,7450
4318,60
4319,10754
4320,58
4321,10661
4322,140
4323,7386
4324,49
4325,10362
4326,58
4327,10756
4328,124
4329,7396
4330,50
4331,11158
4332,72
4333,10501
4334,110
4335,6882
4336,60
4337,11211
4338,53
4339,10734
4340,109
4341,7405
4342,85
4343,11246
4344,61
4345,9988
4346,112
4347,7312
4348,52
4349,11188
4350,55
4351,10771
4352,143
4353,7540
4354,55
4355,10353
4356,65
4357,10970
4358,118
4359,7482
4360,50
4361,10894
4362,70
4363,10961
4364,102
4365,6960
4366,53
4367,11195
4368,60
4369,10809
4370,136
4371,7525
4372,76
4373,11338
4374,55
4375,9871
4376,102
4377,7586
4378,59
4379,11296
4380,60
4381,10849
4382,140
4383,7634
4384,65
4385,10584
4386,50
4387,11088
4388,117
4389,7266
4390,48
4391,11349
4392,73
4393,11015
4394,106
4395,7043
4396,55
4397,11438
4398,69
4399,11050
4400,106
4401,7591
4402,81
4403,11088
4404,58
4405,10240
4406,113
4407,7640
4408,51
4409,11429
4410,62
4411,10880
4412,171
4413,7778
4414,45
4415,10673
4416,49
4417,10888
4418,111
4419,7629
4420,49
4421,11436
4422,86
4423,11219
4424,113
4425,7107
4426,69
4427,11619
4428,54
4429,11135
4430,108
4431,7429
4432,70
4433,11410
4434,53
4435,10364
4436,105
4437,7697
4438,53
4439,11506
4440,70
4441,11129
4442,138
4443,7788
4444,50
4445,10451
4446,60
4447,11262
4448,125
4449,7743
4450,46
4451,11609
4452,77
4453,11286
4454,127
4455,7194
4456,61
4457,11751
4458,52
4459,10773
4460,105
4461,7739
4462,73
4463,11680
4464,59
4465,10484
4466,109
4467,7806
4468,73
4469,11735
4470,57
4471,11257
4472,147
4473,7670
4474,49
4475,10859
4476,57
4477,11315
4478,108
4479,7823
4480,48
4481,11666
4482,88
4483,11475
4484,107
4485,7222
4486,60
4487,11450
4488,61
4489,11325
4490,127
4491,7826
4492,71
4493,11807
4494,53
4495,10535
4496,132
4497,7961
4498,54
4499,11716
4500,64
